<?xml version="1.0"?>
<!DOCTYPE hibernate-mapping PUBLIC "-//Hibernate/Hibernate Mapping DTD 3.0//EN"
"http://www.hibernate.org/dtd/hibernate-mapping-3.0.dtd">
<!-- Generated Jul 29, 2014 1:29:26 PM by Hibernate Tools 3.6.0 -->
<hibernate-mapping>
    <class name="school.NewBook" table="BOOK" schema="LIBRARY">
        <id name="bookid" type="string">
            <column name="BOOKID" length="10" />
            <generator class="assigned" />
        </id>
        <property name="bookname" type="string">
            <column name="BOOKNAME" length="40" />
        </property>
        <property name="authorname" type="string">
            <column name="AUTHORNAME" length="40" />
        </property>
        <property name="publisher" type="string">
            <column name="PUBLISHER" length="40" />
        </property>
        <property name="category" type="string">
            <column name="CATEGORY" length="20" />
        </property>
    </class>
</hibernate-mapping>
