<?xml version="1.0"?>
<!DOCTYPE hibernate-mapping PUBLIC "-//Hibernate/Hibernate Mapping DTD 3.0//EN"
"http://www.hibernate.org/dtd/hibernate-mapping-3.0.dtd">
<!-- Generated Jul 29, 2014 1:29:26 PM by Hibernate Tools 3.6.0 -->
<hibernate-mapping>
    <class name="IssueBook" table="BOOKISSUE" schema="LIBRARY">
        <id name="studentid" type="string">
            <column name="STUDENTID" length="10" />
            <generator class="assigned" />
        </id>
        <property name="studentname" type="string">
            <column name="STUDENTNAME" length="40" />
        </property>
        <property name="bookname" type="string">
            <column name="BOOKNAME" length="40" />
        </property>
        <property name="bookid" type="string">
            <column name="BOOKID" length="10" />
        </property>
        <property name="issuedate" type="date">
            <column name="ISSUEDATE" length="10" />
        </property>
        <property name="returndate" type="date">
            <column name="RETURNDATE" length="10" />
        </property>
    </class>
</hibernate-mapping>
