<?xml version="1.0" encoding="UTF-8"?>
<project-private xmlns="http://www.netbeans.org/ns/project-private/1">
    <editor-bookmarks xmlns="http://www.netbeans.org/ns/editor-bookmarks/1"/>
    <editor-bookmarks xmlns="http://www.netbeans.org/ns/editor-bookmarks/2" lastBookmarkId="0"/>
    <open-files xmlns="http://www.netbeans.org/ns/projectui-open-files/2">
        <group>
            <file>file:/D:/NetBeans/Projects/Hibernate/Faculty/CHAPTER%2004/EXERCISES/EXERCISE%201/SOLUTION/New_Tech_Book_Store/web/RegistrationForm.xhtml</file>
        </group>
    </open-files>
</project-private>
